-587.878,-148.438,2.70633,587.878,-148.438,2.70633
-585.846,-145.313,-2.70633,585.846,-145.313,-2.70633
-583.79,-142.188,2.70633,583.79,-142.188,2.70633
-581.711,-139.063,-2.70633,581.711,-139.063,-2.70633
-579.607,-135.938,2.70633,579.607,-135.938,2.70633
-577.478,-132.813,-2.70633,577.478,-132.813,-2.70633
-575.325,-129.688,2.70633,575.325,-129.688,2.70633
-573.146,-126.563,-2.70633,573.146,-126.563,-2.70633
-570.942,-123.438,2.70633,570.942,-123.438,2.70633
-568.713,-120.313,-2.70633,568.713,-120.313,-2.70633
-566.457,-117.188,2.70633,566.457,-117.188,2.70633
-564.175,-114.063,-2.70633,564.175,-114.063,-2.70633
-561.866,-110.938,2.70633,561.866,-110.938,2.70633
-559.531,-107.813,-2.70633,559.531,-107.813,-2.70633
-557.168,-104.688,2.70633,557.168,-104.688,2.70633
-554.777,-101.563,-2.70633,554.777,-101.563,-2.70633
-552.359,-98.4375,2.70633,552.359,-98.4375,2.70633
-549.912,-95.3125,-2.70633,549.912,-95.3125,-2.70633
-547.436,-92.1875,2.70633,547.436,-92.1875,2.70633
-544.931,-89.0625,-2.70633,544.931,-89.0625,-2.70633
-542.396,-85.9375,2.70633,542.396,-85.9375,2.70633
-539.832,-82.8125,-2.70633,539.832,-82.8125,-2.70633
-537.237,-79.6875,2.70633,537.237,-79.6875,2.70633
-534.611,-76.5625,-2.70633,534.611,-76.5625,-2.70633
-531.954,-73.4375,2.70633,531.954,-73.4375,2.70633
-529.265,-70.3125,-2.70633,529.265,-70.3125,-2.70633
-526.544,-67.1875,2.70633,526.544,-67.1875,2.70633
-523.79,-64.0625,-2.70633,523.79,-64.0625,-2.70633
-521.003,-60.9375,2.70633,521.003,-60.9375,2.70633
-518.182,-57.8125,-2.70633,518.182,-57.8125,-2.70633
-515.326,-54.6875,2.70633,515.326,-54.6875,2.70633
-512.436,-51.5625,-2.70633,512.436,-51.5625,-2.70633
-509.51,-48.4375,2.70633,509.51,-48.4375,2.70633
-506.547,-45.3125,-2.70633,506.547,-45.3125,-2.70633
-503.548,-42.1875,2.70633,503.548,-42.1875,2.70633
-500.512,-39.0625,-2.70633,500.512,-39.0625,-2.70633
-497.437,-35.9375,2.70633,497.437,-35.9375,2.70633
-494.324,-32.8125,-2.70633,494.324,-32.8125,-2.70633
-491.17,-29.6875,2.70633,491.17,-29.6875,2.70633
-487.977,-26.5625,-2.70633,487.977,-26.5625,-2.70633
-484.742,-23.4375,2.70633,484.742,-23.4375,2.70633
-481.465,-20.3125,-2.70633,481.465,-20.3125,-2.70633
-478.146,-17.1875,2.70633,478.146,-17.1875,2.70633
-474.782,-14.0625,-2.70633,474.782,-14.0625,-2.70633
-471.374,-10.9375,2.70633,471.374,-10.9375,2.70633
-467.921,-7.8125,-2.70633,467.921,-7.8125,-2.70633
-464.42,-4.6875,2.70633,464.42,-4.6875,2.70633
-460.872,-1.5625,-2.70633,460.872,-1.5625,-2.70633
-457.275,1.5625,2.70633,457.275,1.5625,2.70633
-453.627,4.6875,-2.70633,453.627,4.6875,-2.70633
-449.929,7.8125,2.70633,449.929,7.8125,2.70633
-446.178,10.9375,-2.70633,446.178,10.9375,-2.70633
-442.373,14.0625,2.70633,442.373,14.0625,2.70633
-438.513,17.1875,-2.70633,438.513,17.1875,-2.70633
-434.596,20.3125,2.70633,434.596,20.3125,2.70633
-430.62,23.4375,-2.70633,430.62,23.4375,-2.70633
-426.585,26.5625,2.70633,426.585,26.5625,2.70633
-422.488,29.6875,-2.70633,422.488,29.6875,-2.70633
-418.328,32.8125,2.70633,418.328,32.8125,2.70633
-414.102,35.9375,-2.70633,414.102,35.9375,-2.70633
-409.809,39.0625,2.70633,409.809,39.0625,2.70633
-405.447,42.1875,-2.70633,405.447,42.1875,-2.70633
-401.012,45.3125,2.70633,401.012,45.3125,2.70633
-396.504,48.4375,-2.70633,396.504,48.4375,-2.70633
-391.918,51.5625,2.70633,391.918,51.5625,2.70633
-387.253,54.6875,-2.70633,387.253,54.6875,-2.70633
-382.506,57.8125,2.70633,382.506,57.8125,2.70633
-377.673,60.9375,-2.70633,377.673,60.9375,-2.70633
-372.752,64.0625,2.70633,372.752,64.0625,2.70633
-367.737,67.1875,-2.70633,367.737,67.1875,-2.70633
-362.627,70.3125,2.70633,362.627,70.3125,2.70633
-357.416,73.4375,-2.70633,357.416,73.4375,-2.70633
-352.101,76.5625,2.70633,352.101,76.5625,2.70633
-346.676,79.6875,-2.70633,346.676,79.6875,-2.70633
-341.135,82.8125,2.70633,341.135,82.8125,2.70633
-335.475,85.9375,-2.70633,335.475,85.9375,-2.70633
-329.687,89.0625,2.70633,329.687,89.0625,2.70633
-323.766,92.1875,-2.70633,323.766,92.1875,-2.70633
-317.704,95.3125,2.70633,317.704,95.3125,2.70633
-311.493,98.4375,-2.70633,311.493,98.4375,-2.70633
-305.123,101.562,2.70633,305.123,101.562,2.70633
-298.585,104.688,-2.70633,298.585,104.688,-2.70633
-291.866,107.812,2.70633,291.866,107.812,2.70633
-284.955,110.937,-2.70633,284.955,110.937,-2.70633
-277.838,114.062,2.70633,277.838,114.062,2.70633
-270.496,117.187,-2.70633,270.496,117.187,-2.70633
-262.913,120.312,2.70633,262.913,120.312,2.70633
-255.067,123.437,-2.70633,255.067,123.437,-2.70633
-246.931,126.562,2.70633,246.931,126.562,2.70633
-238.477,129.687,-2.70633,238.477,129.687,-2.70633
-229.67,132.812,2.70633,229.67,132.812,2.70633
-220.467,135.938,-2.70633,220.467,135.938,-2.70633
-210.817,139.062,2.70633,210.817,139.062,2.70633
-200.654,142.188,-2.70633,200.654,142.188,-2.70633
-189.897,145.312,2.70633,189.897,145.312,2.70633
-178.438,148.438,-2.70633,178.438,148.438,-2.70633