 2	0
 3	1
 4	2
 5	3
 14	4
 15	5
 11	6
 12	7
 13	8
 16	9
 19	10
 32	11
 33	12
 17	13
 18	14
 20	15
 22	16
 23	17
 24	18
 26	19
 27	20
 28	21
 29	22
 30	23
 34	24
 35	25
 36	26
 38	27
 39	28
 40	29
 41	30
 42	31
 43	32
 47	33
 56	34
 58	35
 60	36
 62	37
 48	38
 49	39
 51	40
 57	41
 50	42
 69	43
 68	44
 65	45
 66	46
 67	47
 63	48
 64	49
 59	50
 55	51
 53	52
 81	53
 80	54
 79	55
 78	56
 77	57
 76	58
 75	59
 74	60
 73	61
 71	62
 97	63
 96	64
 91	65
 92	66
 90	67
 87	68
 88	69
 84	70
 86	71
 85	72
100	73
101	74
103	75
105	76
108	77
 83	78
 98	79
 93	80
 89	81
 95	82
 70	83
 82	84
 99	85
102	86
107	87
109	88
113	89
115	90
118	91
111	92
 46	93
 52	94
 61	95
117	96
120	97
125	98
112	99
121	100
123	101
 94	102
124	103
114	104
 54	105
119	106
130	107
106	108
131	109
134	110
127	111
133	112
126	113
128	114
129	115
132	116
135	117
136	118
137	119
138	120
139	121
144	122
 44	123
122	124
140	125
145	126
149	127
150	128
155	129
157	130
151	131
147	132
154	133
161	134
163	135
141	136
165	137
143	138
156	139
160	140
142	141
159	142
170	143
152	144
171	145
166	146
169	147
 45	148
167	149
168	150
175	151
179	152
182	153
184	154
186	155
188	156
172	157
178	158
181	159
176	160
195	161
194	162
192	163
190	164
189	165
187	166
185	167
183	168
193	169
196	170
197	171
198	172
200	173
202	174
203	175
212	176
216	177
205	178
214	179
223	180
225	181
226	182
228	183
233	184
236	185
237	186
208	187
213	188
218	189
227	190
230	191
232	192
238	193
242	194
244	195
247	196
204	197
206	198
207	199
211	200
219	201
235	202
240	203
246	204
248	205
253	206
72	207
243	208
252	209
254	210
257	211
177	212
250	213
251	214
255	215
258	216
229	217
249	218
259	219
260	220
262	221
263	222
264	223
265	224
268	225
269	226
104	227
110	228
224	229
239	230
261	231
266	232
267	233
271	234
272	235
273	236
209	237
220	238
221	239
256	240
275	241
276	242
277	243
278	244
279	245
282	246
199	247
234	248
245	249
148	250
162	251
180	252
222	253
231	254
241	255
274	256
280	257
281	258
158	259
210	260
215	261
217	262
270	263
283	264